carPosX,carPosY,carPosZ,x1Point,y1Point,z1Point,x2Point,y2Point,z2Point,angle,speed
-53.19131088256836,0.0,137.5415802001953,-53.769167692556586,0.0,132.5750843019638,-52.61345407258013,0.0,142.5080760984268,-96.63658142089844,0.9178430000065418
-76.54387664794922,0.0,211.08563232421875,-77.44703043353447,0.0,206.1678774259361,-75.64072286236397,0.0,216.0033872225014,-100.40650177001953,-0.9012835000157793
