carPosX,carPosY,carPosZ,x1Point,y1Point,z1Point,x2Point,y2Point,z2Point,angle,speed
83.41998291015625,0.0,-165.94381713867188,81.04812780638522,0.0,-161.54219205619208,85.79183801392728,0.0,-170.34544222115167,-241.6815948486328,-0.75
