carPosX,carPosZ,carPosY,x1Point,z1Point,y1Point,x2Point,z2Point,y2Point,angle,speed
-122.53366088867188,0.0,88.76964569091797,-92.94799761609629,0.0,61.849606153024055,-152.11932416124748,0.0,115.68968522881188,120.21305847167969,0.828919999999977
-106.02981567382812,0.0,89.71153259277344,-79.16634933903792,0.0,119.34857320886047,-132.89328200861834,0.0,60.074491976686396,118.64417266845703,0.8951336843375977
