carPosX,carPosZ,carPosY,x1Point,z1Point,y1Point,x2Point,z2Point,y2Point,angle,speed
0.0,0.0,0.0,8.939966636005579,0.0,-4.480736161291702,-8.939966636005579,0.0,4.480736161291702,-90.0,0
-187.96807861328125,0.0,55.5695915222168,-180.76143181438866,0.0,62.5024294632054,-195.17472541217384,0.0,48.63675358122819,11.76161003112793,-0.8119877933100668
