carPosX,carPosZ,carPosY,x1Point,z1Point,y1Point,x2Point,z2Point,y2Point,angle,speed
-189.14151000976562,0.0,47.17595672607422,-185.72047439714504,0.0,56.572579275542815,-192.5625456223862,0.0,37.77933417660562,2.79243803024292,-0.8475405000010028
-108.74722290039062,0.0,90.175048828125,-101.61140703248549,0.0,97.18077019707432,-115.88303876829576,0.0,83.16932745917568,102.87796020507812,0.955544750002133
