carPosX,carPosY,carPosZ,x1Point,y1Point,z1Point,x2Point,y2Point,z2Point,angle,speed
-128.2842559814453,0.0,5.298449993133545,-127.72542384408347,0.0,0.3297774699889988,-128.84308811880717,0.0,10.267122516278091,-83.58284759521484,0.75
-26.2871150970459,0.0,87.73690795898438,-29.856515847203642,0.0,91.23824745762963,-22.717714346888155,0.0,84.23556846033912,135.55149841308594,-1.0
