carPosX,carPosY,carPosZ,x1Point,y1Point,z1Point,x2Point,y2Point,z2Point,angle,speed
-22.85137367248535,0.0,-9.98895188786264e-07,-22.85137367248535,0.0,-5.000000998895189,-22.85137367248535,0.0,4.999999001104811,-90.0,0.5
-42.17347717285156,0.0,285.73760986328125,-43.11670019052327,0.0,290.64783698011956,-41.23025415517986,0.0,280.82738274644294,100.87369537353516,-0.75
