{
    "startPoint": {
        "x": -189.14151000976562,
        "z": 0.0,
        "y": 47.17595672607422
    },
    "endLine": {
        "point1": {
            "x": -160,
            "z": 0.0,
            "y": 53
        },
        "point2": {
            "x": -164,
            "z": 0.0,
            "y": 133
        }
    },
    "startAngle": 2.79243803024292,
    "startVelocity": 0,
    "baseControls": [
        [1, 0, 0, 0],
        [1, 0, 0, 0],
        [1, 0, 0, 0],
        [1, 0, 0, 0],
        [1, 0, 0, 0],
        [1, 0, 0, 0],
        [1, 0, 0, 0],
        [1, 0, 0, 0],
        [1, 0, 0, 0],
        [1, 0, 0, 1],
        [1, 0, 0, 1],
        [1, 0, 0, 1],
        [1, 0, 0, 1],
        [1, 0, 0, 1],
        [1, 0, 0, 1],
        [1, 0, 0, 1],
        [1, 0, 0, 1],
        [1, 0, 0, 1],
        [1, 0, 0, 1],
        [1, 0, 0, 1],
        [1, 0, 0, 1],
        [1, 0, 0, 1],
        [1, 0, 0, 1],
        [1, 0, 0, 1],
        [1, 0, 0, 1],
        [1, 0, 0, 0],
        [1, 0, 0, 0],
        [1, 0, 0, 0],
        [1, 0, 0, 0],
        [1, 0, 0, 0],
        [1, 0, 0, 0],
        [1, 0, 0, 0],
        [1, 0, 0, 0],
        [1, 0, 0, 0],
        [1, 0, 0, 0],
        [1, 0, 0, 0],
        [1, 0, 0, 0],
        [1, 0, 0, 0],
        [1, 0, 0, 0],
        [1, 0, 0, 0],
        [1, 0, 0, 0],
        [1, 0, 0, 0],
        [1, 0, 0, 0],
        [1, 0, 0, 0],
        [1, 0, 0, 0],
        [1, 0, 0, 0],
        [1, 0, 0, 0],
        [1, 0, 0, 0],
        [1, 0, 0, 0],
        [1, 0, 0, 0],
        [1, 0, 0, 0],
        [1, 0, 0, 0],
        [1, 0, 0, 0],
        [1, 0, 0, 0],
        [1, 0, 0, 0],
        [1, 0, 0, 0],
        [1, 0, 0, 0],
        [1, 0, 0, 0],
        [1, 0, 0, 0],
        [1, 0, 0, 0],
        [1, 0, 0, 0],
        [1, 0, 0, 0],
        [1, 0, 0, 1],
        [1, 0, 0, 1],
        [1, 0, 0, 1],
        [1, 0, 0, 1],
        [1, 0, 0, 1],
        [1, 0, 0, 1],
        [1, 0, 0, 1],
        [1, 0, 0, 1],
        [1, 0, 0, 1],
        [1, 0, 0, 1],
        [1, 0, 0, 1],
        [1, 0, 0, 1],
        [1, 0, 0, 0],
        [1, 0, 0, 0],
        [1, 0, 0, 0],
        [1, 0, 0, 0],
        [1, 0, 0, 0],
        [1, 0, 0, 0],
        [1, 0, 0, 0],
        [1, 0, 0, 0],
        [1, 0, 0, 0]
    ]
}