{
    "startPoint": {
        "x": -164.15196393442264,
        "y": 1.0,
        "z": 11.149653859832227
    },
    "endLine": {
        "point1": {
            "x": -12.676993621445439,
            "y": 1.0,
            "z": 79.18369841888041
        },
        "point2": {
            "x": -7.996746765517452,
            "y": 1.0,
            "z": 70.34654450104146
        }
    },
    "startAngle": -54.74999237060547,
    "startVelocity": 42.25,
    "baseControls": [
        [
            1,
            0,
            0,
            0
        ],
        [
            1,
            0,
            0,
            1
        ],
        [
            1,
            0,
            0,
            1
        ],
        [
            1,
            0,
            0,
            1
        ],
        [
            1,
            0,
            0,
            1
        ],
        [
            1,
            0,
            0,
            1
        ],
        [
            1,
            0,
            0,
            1
        ],
        [
            0,
            0,
            0,
            1
        ],
        [
            0,
            1,
            0,
            1
        ],
        [
            0,
            1,
            0,
            1
        ],
        [
            0,
            1,
            0,
            1
        ],
        [
            0,
            0,
            0,
            1
        ],
        [
            0,
            0,
            0,
            1
        ],
        [
            1,
            0,
            0,
            1
        ],
        [
            1,
            0,
            0,
            1
        ],
        [
            1,
            0,
            0,
            0
        ],
        [
            1,
            0,
            0,
            0
        ],
        [
            0,
            0,
            0,
            0
        ],
        [
            0,
            0,
            0,
            0
        ],
        [
            0,
            0,
            0,
            0
        ],
        [
            0,
            1,
            0,
            1
        ],
        [
            0,
            1,
            0,
            1
        ],
        [
            0,
            0,
            0,
            1
        ],
        [
            0,
            0,
            0,
            1
        ],
        [
            0,
            0,
            0,
            1
        ],
        [
            1,
            0,
            0,
            1
        ],
        [
            1,
            0,
            0,
            0
        ],
        [
            1,
            0,
            0,
            0
        ],
        [
            0,
            0,
            0,
            1
        ],
        [
            0,
            0,
            0,
            1
        ],
        [
            0,
            0,
            0,
            0
        ],
        [
            0,
            0,
            0,
            1
        ],
        [
            1,
            0,
            0,
            1
        ],
        [
            1,
            0,
            0,
            0
        ],
        [
            1,
            0,
            0,
            0
        ],
        [
            1,
            0,
            0,
            0
        ],
        [
            1,
            0,
            0,
            0
        ],
        [
            1,
            0,
            0,
            0
        ],
        [
            1,
            0,
            0,
            0
        ],
        [
            1,
            0,
            0,
            0
        ],
        [
            0,
            0,
            1,
            0
        ],
        [
            0,
            1,
            1,
            0
        ],
        [
            0,
            1,
            1,
            0
        ],
        [
            0,
            1,
            1,
            0
        ],
        [
            0,
            0,
            1,
            0
        ],
        [
            0,
            0,
            1,
            0
        ],
        [
            1,
            0,
            1,
            0
        ],
        [
            1,
            0,
            0,
            0
        ],
        [
            1,
            0,
            0,
            0
        ],
        [
            1,
            0,
            0,
            1
        ],
        [
            1,
            0,
            0,
            1
        ],
        [
            0,
            0,
            0,
            1
        ],
        [
            0,
            0,
            0,
            1
        ],
        [
            0,
            0,
            0,
            1
        ],
        [
            1,
            0,
            0,
            0
        ],
        [
            0,
            0,
            0,
            1
        ],
        [
            0,
            0,
            0,
            1
        ],
        [
            0,
            1,
            0,
            1
        ],
        [
            0,
            0,
            0,
            1
        ],
        [
            0,
            0,
            0,
            1
        ],
        [
            0,
            0,
            0,
            1
        ],
        [
            1,
            0,
            0,
            1
        ],
        [
            1,
            0,
            0,
            1
        ],
        [
            1,
            0,
            0,
            1
        ],
        [
            1,
            0,
            0,
            0
        ],
        [
            1,
            0,
            1,
            0
        ],
        [
            0,
            0,
            1,
            0
        ],
        [
            0,
            1,
            1,
            0
        ],
        [
            0,
            1,
            1,
            0
        ],
        [
            0,
            0,
            1,
            0
        ],
        [
            0,
            0,
            1,
            0
        ]
    ],
    "augmented": true
}