{
    "startPoint": {
        "x": 0.0,
        "z": 0.0,
        "y": 0.0
    },
    "endLine": {
        "point1": {
            "x": -180.76143181438866,
            "z": 0.0,
            "y": 62.5024294632054
        },
        "point2": {
            "x": -195.17472541217384,
            "z": 0.0,
            "y": 48.63675358122819
        }
    },
    "startAngle": -90.0,
    "startVelocity": 0.0,
    "baseControls": []
}