{
    "startPoint": {
        "x": 22.141309308461445,
        "y": 1.0,
        "z": 78.8414313591877
    },
    "endLine": {
        "point1": {
            "x": -88.17346807339293,
            "y": 1.0,
            "z": 177.3258812501325
        },
        "point2": {
            "x": -94.10093073031801,
            "y": 1.0,
            "z": 169.27198862291436
        }
    },
    "startAngle": 81.95524597167969,
    "startVelocity": 33.25,
    "baseControls": [
        [
            1,
            0,
            1,
            0
        ],
        [
            0,
            0,
            1,
            0
        ],
        [
            0,
            0,
            1,
            0
        ],
        [
            0,
            1,
            1,
            0
        ],
        [
            0,
            1,
            1,
            0
        ],
        [
            0,
            1,
            1,
            0
        ],
        [
            0,
            1,
            1,
            0
        ],
        [
            0,
            1,
            1,
            0
        ],
        [
            0,
            1,
            1,
            0
        ],
        [
            0,
            0,
            1,
            0
        ],
        [
            1,
            0,
            1,
            0
        ],
        [
            1,
            0,
            1,
            0
        ],
        [
            1,
            0,
            1,
            0
        ],
        [
            1,
            0,
            1,
            0
        ],
        [
            1,
            0,
            1,
            0
        ],
        [
            1,
            0,
            1,
            0
        ],
        [
            1,
            0,
            1,
            0
        ],
        [
            1,
            0,
            1,
            0
        ],
        [
            1,
            0,
            0,
            0
        ],
        [
            1,
            0,
            0,
            0
        ],
        [
            1,
            0,
            0,
            0
        ],
        [
            1,
            0,
            0,
            0
        ],
        [
            1,
            0,
            0,
            0
        ],
        [
            0,
            0,
            1,
            0
        ],
        [
            0,
            0,
            1,
            0
        ],
        [
            0,
            0,
            0,
            0
        ],
        [
            0,
            0,
            0,
            0
        ],
        [
            0,
            0,
            0,
            0
        ],
        [
            0,
            0,
            0,
            0
        ],
        [
            1,
            0,
            0,
            0
        ],
        [
            1,
            0,
            0,
            0
        ],
        [
            1,
            0,
            1,
            0
        ],
        [
            0,
            0,
            1,
            0
        ],
        [
            0,
            0,
            1,
            0
        ],
        [
            0,
            0,
            0,
            0
        ],
        [
            1,
            0,
            0,
            0
        ],
        [
            1,
            0,
            0,
            0
        ],
        [
            1,
            0,
            0,
            0
        ],
        [
            1,
            0,
            0,
            0
        ],
        [
            0,
            0,
            1,
            0
        ],
        [
            0,
            0,
            1,
            0
        ],
        [
            0,
            0,
            0,
            0
        ],
        [
            1,
            0,
            0,
            0
        ],
        [
            1,
            0,
            1,
            0
        ],
        [
            1,
            0,
            1,
            0
        ],
        [
            1,
            0,
            1,
            0
        ],
        [
            0,
            0,
            1,
            0
        ],
        [
            0,
            0,
            0,
            0
        ],
        [
            0,
            1,
            0,
            0
        ],
        [
            0,
            1,
            0,
            1
        ],
        [
            0,
            0,
            0,
            1
        ],
        [
            0,
            0,
            0,
            0
        ],
        [
            0,
            0,
            0,
            0
        ],
        [
            1,
            0,
            0,
            1
        ],
        [
            1,
            0,
            0,
            1
        ],
        [
            0,
            0,
            0,
            0
        ],
        [
            0,
            0,
            0,
            1
        ],
        [
            0,
            0,
            0,
            1
        ],
        [
            0,
            0,
            0,
            0
        ],
        [
            1,
            0,
            0,
            0
        ],
        [
            0,
            0,
            0,
            1
        ],
        [
            0,
            1,
            0,
            1
        ],
        [
            0,
            1,
            0,
            1
        ],
        [
            0,
            1,
            0,
            1
        ],
        [
            0,
            1,
            0,
            1
        ],
        [
            0,
            1,
            0,
            1
        ],
        [
            0,
            0,
            0,
            1
        ],
        [
            1,
            0,
            0,
            1
        ],
        [
            1,
            0,
            0,
            1
        ],
        [
            1,
            0,
            0,
            1
        ],
        [
            1,
            0,
            0,
            1
        ],
        [
            0,
            0,
            0,
            1
        ],
        [
            0,
            0,
            0,
            1
        ],
        [
            0,
            0,
            0,
            1
        ],
        [
            1,
            0,
            0,
            1
        ],
        [
            1,
            0,
            0,
            0
        ],
        [
            1,
            0,
            0,
            0
        ],
        [
            0,
            0,
            0,
            0
        ],
        [
            0,
            0,
            0,
            1
        ],
        [
            0,
            0,
            0,
            1
        ],
        [
            0,
            0,
            0,
            1
        ],
        [
            1,
            0,
            0,
            1
        ]
    ],
    "augmented": true
}